,Accuracy,Precision,Recall,F1 Score
Gemini_pro,0.8714733542319749,0.8789237668161435,0.9333333333333333,0.9053117782909931
AI2_j2-ultra,0.5987460815047022,0.7383720930232558,0.6047619047619047,0.6649214659685864
Gemini_flash,0.7962382445141066,0.8372093023255814,0.8571428571428571,0.8470588235294118
